 employee_id ,氏名 ,department,年齢,base_salary,残業時間,評価,入社日,office ,雇用形態,status,役職,メモ
E0001,佐藤 蓮,営業,43,420000,0,89,2020-12-20,Tokyo,正社員,active,主任,住所確認
E0002,渡辺 悠真,サポート,53,360000,40,100,2025-04-03,Nagoya,fulltime,,リーダー,住所確認
E0003,佐藤 凛,サポート,58,280000,0,71,2021-01-05, tokyo ,part-time,active,マネージャー,
E0004,田中 彩乃,開発,50,500000,41,76,2021-01-28, tokyo ,part-time,ACTIVE,主任,
E0005,加藤 湊,営業,45,420000,28,85,2025/02/04,remote,契約,ACTIVE,担当,メール不達
E0006,山本 悠真,経理,44,420000,30,61,2021-07-27,大阪,契約,在籍,マネージャー,
E0007,加藤 彩乃,経理,40歳,360000,2,66,2023-09-02,remote,契約,ACTIVE,担当,メール不達
E0008,中村 葵, Sales ,23,320000,0,63,2025-07-16,名古屋,fulltime,active,担当,メール不達
E0009,渡辺 結衣,人事,49,360000,26,93,2020-09-21,Nagoya,正社員,leave,アシスタント,住所確認
E0010,高橋 蓮,sales,48,500000,4,59,2021/05/08,Nagoya,アルバイト,retired,アシスタント,住所確認
E0011,高橋 凛,経理,46,240000,30,61点,2024-12-05,大阪,fulltime,休職,担当,住所確認
E0012,小林 大翔,サポート,22,280000,9,46,2024-08-03,名古屋,contract,retired,アシスタント,メール不達
E0013,山本 結衣,sales,30,320000,36,65,2020年12月26日,東京,contract,退職,アシスタント,メール不達
E0014,吉田 彩乃,経理,49歳,420000,38,62,2020-05-12,Osaka,part-time,active,マネージャー,重複かも
E0015,加藤 結衣,ＤＥＶ,55,500000,23,57,2025/09/07,Tokyo,正社員,retired,主任,メール不達
E0016,伊藤 葵,人事,44,620000,44,69,2023-04-07,名古屋,正社員,,マネージャー,重複かも
E0017, 山田 大翔 , Sales ,26,360000,33,61,2024-06-17,リモート,Full-time,在籍,アシスタント,
E0018,鈴木 陽菜,開発,27,620000,42,86,2024-12-25,大阪,part-time,,アシスタント,要確認
E0019,山田 湊,HR,24,280000,45,63,2021-03-14,Osaka,part-time,休職,担当,メール不達
E0020,加藤 彩乃,開発,45,320000,21,67,2025/06/14,東京,正社員,active,担当,メール不達
E0021,山本 葵,Support,35歳,280000,21,69,2023-11-16,Nagoya,part-time,休職,担当,住所確認
E0022,渡辺 悠真,sales,25,620000,13,86点,2022-10-20,Tokyo,contract,active,リーダー,
E0023,加藤 彩乃,accounting,27,"¥620,000",41,92,2023-12-05,リモート,fulltime,退職,リーダー,重複かも
E0024,鈴木 翔,ＤＥＶ,35,240000,12,56,2022-05-02,remote,アルバイト,退職,マネージャー,メール不達
E0025,加藤 翔,サポート,54,420000,38,78,2024/11/28,大阪,正社員,休職,アシスタント,住所確認
E0026,加藤 大翔,経理,42,240000,19,94,2025年7月17日,remote,アルバイト,在籍,アシスタント,住所確認
E0027,伊藤 蓮,dev,37,500000,16,99,2025-02-25,Tokyo,契約,ACTIVE,担当,住所確認
E0028,鈴木 彩乃,HR,25歳,280000,3,78,2023-02-24,東京,契約,在籍,マネージャー,メール不達
E0029,加藤結衣,サポート,37,280000,16,77,2023-11-19,東京,正社員,,主任,住所確認
E0030,渡辺 彩乃,経理,46,280000,12,77,2021/09/22,remote,fulltime,退職,担当,
E0031,中村 悠真,人事,59,"620,000円",21,63,2025-06-18,東京,契約,leave,アシスタント,住所確認
E0032,渡辺 美月, Sales ,37,320000,10,69,2025-09-27,名古屋,part-time,退職,マネージャー,メール不達
E0033,伊藤 大翔,ＤＥＶ,32,620000,18,53点,2025-10-23,remote,part-time,在籍,リーダー,
E0034, 小林 蓮 ,サポート,23,240000,29,51,2020-10-22,リモート,contract,leave,リーダー,住所確認
E0035,加藤 翔,営業,37歳,620000,8,88,2020/11/06,Tokyo,fulltime,休職,主任,住所確認
E0036,渡辺 湊,営業,43,280000,27,74,2020-09-26,リモート,契約,active,担当,住所確認
 emp-0037 ,山本 葵,Support,33,420000,26,56,2022-07-11,リモート,fulltime,退職,リーダー,
E0038,吉田 凛,dev,37,360000,12,86,2022-04-04,Nagoya,アルバイト,retired,マネージャー,
E0039,伊藤 悠真,sales,30,320000,12,51,2022年12月4日,Osaka,fulltime,,担当,メール不達
E0040,渡辺 美月,sales,35,240000,18,60,2020/12/05,大阪,contract,leave,担当,重複かも
e0041,鈴木 翔,営業,43,420000,8,71,2024-11-13,remote,contract,leave,アシスタント,メール不達
E0042,山本 大翔,Support,32歳,500000,44,80,2025-08-12,Nagoya,契約,退職,担当,メール不達
E0043,中村 大翔,Support,49,320000,N/A,97,2021-08-04, tokyo ,part-time,active,担当,住所確認
E0044,小林 凛,ＤＥＶ,37,240000,40,100点,2025-10-01,名古屋,Full-time,,主任,
E0045,渡辺 翔,dev,33,240000,20,100,2023/08/28,大阪,fulltime,leave,主任,住所確認
E0046,伊藤 大翔,dev,28,"¥500,000",33,68,2023-07-18,remote,part-time,在籍,マネージャー,メール不達
E0047,田中 蓮,人事,51,620000,1時間,100,2025-10-14,Tokyo,fulltime,,主任,重複かも
E0048,田中 翔,ＤＥＶ,43,240000,4,84,2022-05-01,Nagoya,アルバイト,,主任,
E0049,佐藤 大翔,サポート,32歳,500000,39,65,2022-10-18,Tokyo,アルバイト,退職,マネージャー,
E0050,小林 美月,sales,22,500000,14,93,2024/05/14,Osaka,contract,active,担当,メール不達
E0051, 中村 湊 ,Support,22,500000,8,46,2022-06-02,名古屋,contract,退職,アシスタント,重複かも
E0052,渡辺 大翔,開発,54,280000,39,46,2023年9月15日,大阪,契約,,マネージャー,重複かも
E0053,山本 葵,人事,,280000,18,61,2021-03-21,大阪,アルバイト,,主任,
E0054,伊藤 美月,経理,40,420000,42,69,2021-09-01,リモート,Full-time,leave,マネージャー,住所確認
E0055,高橋 大翔,HR,56,320000,25,51点,2022/04/04,名古屋,fulltime,,マネージャー,
E0056,田中 葵,開発,22歳,420000,22,91,2022-10-02, tokyo ,アルバイト,退職,担当,重複かも
E0057,鈴木 翔, Sales ,40,420000,9,90,2025-11-10, tokyo ,アルバイト,,マネージャー,重複かも
E0058,山田大翔,人事,37,620000,9,96,2020-01-22,リモート,part-time,active,マネージャー,メール不達
E0059,山本 湊,サポート,39,420000,23,86,未定,大阪,正社員,,アシスタント,
E0060,高橋 湊,Support,26,320000,2,54,2024/07/26,リモート,契約,ACTIVE,担当,メール不達
E0061,伊藤 大翔,経理,99歳,360000,20,55,2021-06-15,remote,Full-time,leave,マネージャー,住所確認
E0062,田中 彩乃,HR,41,"360,000円",39,52,2021-01-26,Nagoya,契約,retired,担当,住所確認
E0063,中村 大翔,HR,31歳,420000,2,66,2024-07-09,Nagoya,正社員,leave,リーダー,重複かも
E0064,中村 葵,ＤＥＶ,38,620000,0,85,not date,東京,アルバイト,,主任,重複かも
E0065,吉田 陽菜,営業,25,360000,37,71,2023年10月18日,Tokyo,part-time,在籍,担当,メール不達
E0066,田中 湊,人事,58,360000,22,70点,2020-05-09,Osaka,契約,ACTIVE,リーダー,要確認
E0067,田中 大翔,経理,53,620000,29,未評価,2024-05-26,Osaka,contract,active,アシスタント,住所確認
E0068, 中村 彩乃 ,ＤＥＶ,37,360000,18,92,2023-08-03,リモート,契約,leave,主任,メール不達
E0069,佐藤 翔,営業,59,"¥500,000",36,73,2025-11-16,東京,アルバイト,在籍,マネージャー,メール不達
E0070,吉田 彩乃,人事,43歳,360000,23,45,2022/07/27,Osaka,契約,active,マネージャー,
E0071,佐藤 葵,dev,56,320000,13,120点,2020-12-21,リモート,Full-time,retired,マネージャー,
E0072,山田 陽菜,開発,52,320000,12,74,2025-07-27,リモート,契約,在籍,アシスタント,要確認
E0073,小林 悠真,経理,25,620000,14,63,2025-11-13,東京,part-time,退職,主任,住所確認
 emp-0074 ,伊藤 美月,dev,40,280000,26,68,2023-06-07,Osaka,Full-time,休職,リーダー,要確認
E0075,山本 陽菜,accounting,38,240000,33,55,2022/11/17,remote,Full-time,退職,担当,重複かも
E0076,渡辺 翔,ＤＥＶ,21,280000,24,49,2024-02-16,Tokyo,part-time,退職,マネージャー,要確認
E0077,小林 翔, Sales ,28歳,620000,4,82点,2021-02-13,名古屋,part-time,active,リーダー,重複かも
E0078,渡辺 彩乃,開発,56,360000,23,83,2023年3月3日,Osaka,part-time,retired,主任,住所確認
E0079,渡辺 葵,営業,53,不明,37,83,2025-03-12,Tokyo,アルバイト,休職,担当,要確認
E0080,加藤 翔,営業,43,320000,15,48,2021/01/02, tokyo ,contract,ACTIVE,マネージャー,メール不達
E0081,佐藤 結衣,人事,27,240000,4,81,2025-04-26,東京,fulltime,休職,主任,重複かも
e0082,山田 結衣,営業,20,320000,8,93,2025-12-10,名古屋,fulltime,active,主任,住所確認
E0083,小林 翔,サポート,21,240000,12,91,2025-04-23,Nagoya,Full-time,在籍,アシスタント,住所確認
E0084,鈴木 蓮,経理,22歳,240000,30,61,2025-03-14,Nagoya,Full-time,在籍,担当,メール不達
E0085, 渡辺 莉子 ,サポート,23,240000,6,81,2021/02/08,Tokyo,正社員,在籍,リーダー,メール不達
E0086,中村 彩乃, Sales ,44,420000,N/A,85,2020-02-10,大阪,part-time,,アシスタント,メール不達
E0087,伊藤陽菜,HR,40,420000,28,86,2024-12-21,Tokyo,正社員,ACTIVE,主任,
E0088,佐藤 葵,dev,41,620000,30,56点,2024-08-20,名古屋,part-time,active,アシスタント,重複かも
E0089,加藤 美月,Support,25,240000,-5,96,2024-02-22,remote,Full-time,active,リーダー,
E0090,加藤 莉子,人事,52,620000,36,73,2021/02/05,remote,アルバイト,,リーダー,住所確認
E0091,伊藤 彩乃,accounting,57歳,320000,29,85,2023年3月24日, tokyo ,契約,leave,担当,重複かも
E0092,佐藤 凛,accounting,39,"¥620,000",40,90,2023-10-28,remote,Full-time,active,担当,メール不達
E0093,吉田 陽菜,人事,45,"360,000円",7,57,2021-01-11,東京,正社員,active,担当,
E0094,中村 凛,経理,56,240000,24時間,95,2024-06-02, tokyo ,Full-time,ACTIVE,マネージャー,重複かも
E0095,鈴木 湊,sales,35,320000,17,75,2023/08/06, tokyo ,契約,,担当,
E0096,鈴木 葵,人事,36,320000,37,76,2022-11-13,大阪,fulltime,retired,主任,
E0097,山本 美月,開発,35,280000,15,56,2022-01-24,リモート,fulltime,在籍,リーダー,重複かも
E0098,高橋 湊,経理,34歳,500000,30,59,2024-07-25,名古屋,アルバイト,在籍,リーダー,要確認
E0099,鈴木 蓮,dev,26,320000,11,73点,2020-07-23,Nagoya,part-time,ACTIVE,リーダー,重複かも
E0100,山本 悠真,sales,34,420000,14,72,2025/11/18,remote,contract,休職,リーダー,重複かも
E0101,高橋 結衣,ＤＥＶ,57,280000,27,50,2024-02-17,東京,part-time,退職,主任,要確認
E0102, 田中 葵 ,ＤＥＶ,50,420000,16,66,2025-06-25,名古屋,fulltime,,マネージャー,要確認
E0103,伊藤 莉子,HR,27,320000,35,47,2023-10-20,Osaka,fulltime,retired,担当,要確認
E0104,吉田 大翔,営業,49,420000,31,100,2022年10月4日, tokyo ,アルバイト,退職,主任,メール不達
E0105,鈴木 翔,HR,29歳,280000,5,93,2021/07/22,Osaka,契約,在籍,担当,住所確認
E0106,田中 葵,dev,,360000,45,94,2021-10-25,リモート,正社員,,アシスタント,メール不達
E0107,山田 美月,Support,58,280000,23,64,2022-11-27,リモート,正社員,ACTIVE,リーダー,要確認
E0108,田中 結衣,dev,23,240000,38,72,2024-01-08,remote,part-time,在籍,リーダー,重複かも
E0109,伊藤 美月,人事,24,360000,34,85,2021-05-16,リモート,正社員,在籍,マネージャー,住所確認
E0110,伊藤 莉子,accounting,28,280000,32,99点,2023/07/14,Osaka,正社員,ACTIVE,マネージャー,要確認
 emp-0111 ,吉田 葵,sales,21,360000,10,47,2024-09-05,リモート,アルバイト,退職,マネージャー,メール不達
E0112,伊藤 大翔,accounting,28歳,500000,18,63,2020-06-10,東京,契約,,アシスタント,重複かも
E0113,吉田 彩乃,営業,39,500000,0,99,2021-04-24,名古屋,正社員,active,担当,要確認
E0114,伊藤 蓮,dev,58,420000,20,54,2022-07-04,リモート,契約,,主任,メール不達
E0115,高橋 湊,dev,53,"¥320,000",19,75,2025/07/19,名古屋,正社員,leave,マネージャー,重複かも
E0116,山田大翔,sales,59,420000,23,89,2023-09-19, tokyo ,正社員,在籍,リーダー,
E0117,加藤 凛, Sales ,55,240000,20,46,2023年4月13日,remote,part-time,active,リーダー,重複かも
E0118,佐藤 美月,accounting,26,500000,19,65,未定,東京,Full-time,leave,リーダー,メール不達
E0119, 佐藤 美月 ,ＤＥＶ,25歳,240000,42,100,2024-01-26,Osaka,fulltime,退職,担当,メール不達
E0120,伊藤 彩乃, Sales ,56,420000,11,77,2024/06/15,remote,fulltime,ACTIVE,リーダー,
E0121,佐藤 彩乃,人事,28,320000,20,62点,2021-04-21, tokyo ,part-time,ACTIVE,アシスタント,
E0122,加藤 翔,accounting,99歳,360000,18,100,2022-01-14,東京,契約,休職,マネージャー,要確認
e0123,鈴木 蓮,Support,58,320000,16,60,2021-10-10,Nagoya,contract,休職,主任,メール不達
E0124,鈴木 凛,accounting,54,"360,000円",43,64,2024-05-07, tokyo ,contract,在籍,リーダー,住所確認
E0125,鈴木 彩乃,ＤＥＶ,34,360000,14,47,2020/04/06,Osaka,part-time,在籍,リーダー,住所確認
E0126,伊藤 蓮,経理,45歳,320000,43,96,2022-07-27,Nagoya,契約,在籍,アシスタント,メール不達
E0127,吉田 蓮,ＤＥＶ,54,620000,23,88,2020-08-28,リモート,contract,ACTIVE,主任,住所確認
E0128,小林 美月,人事,22,420000,45,47,not date,リモート,契約,retired,主任,メール不達
E0129,鈴木 悠真,サポート,33,280000,N/A,83,2024-03-19,Osaka,契約,,マネージャー,住所確認
E0130,中村 莉子,サポート,45,420000,43,64,2021年10月5日,リモート,part-time,retired,アシスタント,重複かも
E0131,山本 莉子,HR,50,360000,12,66,2022-03-07, tokyo ,正社員,retired,アシスタント,
E0132,伊藤 葵, Sales ,23,280000,41,70点,2025-04-14,リモート,part-time,休職,主任,メール不達
E0133,田中 彩乃,sales,21歳,240000,17,53,2020-12-14,remote,Full-time,,担当,
E0134,山本 悠真,dev,57,240000,7,未評価,2024-04-17,Tokyo,Full-time,,リーダー,メール不達
E0135,中村 陽菜,開発,41,360000,35,54,2022/07/21,大阪,fulltime,,担当,メール不達
E0136, 鈴木 結衣 ,HR,35,240000,36,55,2020-11-24,Nagoya,part-time,,リーダー,要確認
E0137,山本 莉子, Sales ,24,420000,13,96,2020-07-01,Nagoya,part-time,休職,担当,要確認
E0138,山田 彩乃,HR,40,"¥240,000",0,98,2024-05-12,Tokyo,fulltime,ACTIVE,アシスタント,
E0139,中村 蓮,Support,57,320000,15,66,2023-02-08,リモート,part-time,退職,アシスタント,
E0140,田中 大翔,経理,47歳,360000,1,54,2024/03/27,Nagoya,アルバイト,retired,リーダー,住所確認
E0141,加藤 大翔,dev,40,360000,16時間,89,2021-07-19,remote,part-time,休職,リーダー,重複かも
E0142,鈴木 湊,経理,45,500000,6,120点,2022-06-04,Tokyo,アルバイト,退職,リーダー,メール不達
E0143,小林 悠真,ＤＥＶ,26,420000,14,82点,2020年3月20日,名古屋,Full-time,retired,主任,住所確認
E0144,中村 翔,sales,32,320000,1,48,2022-03-27,東京,アルバイト,退職,アシスタント,メール不達
E0145,小林陽菜,ＤＥＶ,37,620000,1,81,2021/10/07,大阪,part-time,leave,リーダー,要確認
E0146,小林 大翔,sales,59,420000,28,75,2024-04-10,Nagoya,正社員,休職,マネージャー,
E0147,伊藤 大翔,dev,25歳,360000,3,98,2022-06-04,名古屋,fulltime,退職,主任,住所確認
 emp-0148 ,田中 大翔,sales,41,320000,34,81,2020-04-10, tokyo ,アルバイト,leave,担当,重複かも
E0149,吉田 莉子,開発,29,420000,23,53,2020-12-27,Nagoya,contract,leave,アシスタント,
E0150,吉田 美月,HR,38,360000,5,95,2021/06/06,Nagoya,part-time,retired,担当,メール不達
E0151,吉田 凛,ＤＥＶ,52,420000,31,62,2020-04-20,大阪,Full-time,active,マネージャー,住所確認
E0152,山田 莉子,開発,25,420000,11,65,2022-09-01,Nagoya,契約,retired,アシスタント,重複かも
E0153, 小林 美月 ,Support,26,240000,38,86,2025-02-14,Tokyo,part-time,retired,主任,要確認
E0154,加藤 湊,sales,52歳,360000,30,69点,2020-06-05,大阪,契約,ACTIVE,主任,メール不達
E0155,小林 凛,Support,35,"620,000円",18,88,2024/06/11,remote,contract,ACTIVE,マネージャー,住所確認
E0156,渡辺 蓮,Support,58,360000,40,94,2024年5月21日,remote,アルバイト,ACTIVE,リーダー,住所確認
E0157,加藤 莉子,Support,35,320000,21,85,2021-02-07,東京,contract,退職,アシスタント,要確認
E0158,中村 彩乃,人事,24,不明,31,82,2025-12-05,Tokyo,part-time,active,マネージャー,メール不達
E0159,高橋 翔,開発,,420000,18,51,2022-10-15,Nagoya,契約,,リーダー,住所確認
E0160,佐藤 大翔,dev,49,280000,20,69,2023/01/04,Tokyo,fulltime,ACTIVE,アシスタント,
E0161,山田 陽菜, Sales ,53歳,"¥420,000",35,84,2023-12-27,大阪,part-time,ACTIVE,マネージャー,メール不達
E0162,伊藤 凛,人事,25,420000,20,64,2021-10-21,Tokyo,アルバイト,退職,アシスタント,住所確認
E0163,渡辺 彩乃,dev,33,420000,27,74,2024-04-05,東京,契約,,担当,要確認
e0164,佐藤 大翔,HR,22,620000,45,66,2021-05-09,remote,契約,retired,担当,メール不達
E0165,佐藤 莉子,HR,48,500000,24,66点,2023/11/26,名古屋,Full-time,在籍,リーダー,
E0166,佐藤 凛,ＤＥＶ,52,280000,3,91,2020-01-15,Tokyo,part-time,ACTIVE,リーダー,要確認
E0167,中村 美月,HR,56,420000,15,62,2024-02-22,Nagoya,fulltime,退職,リーダー,要確認
E0168,田中 蓮,営業,46歳,240000,41,47,2025-01-20,名古屋,Full-time,leave,リーダー,メール不達
E0169,伊藤 大翔,accounting,32,360000,28,74,2024年5月27日,Tokyo,契約,休職,リーダー,メール不達
E0170, 高橋 莉子 ,人事,24,360000,31,60,2023/05/18,名古屋,part-time,ACTIVE,リーダー,
E0171,山田 湊,開発,53,500000,33,72,2024-05-19,名古屋,正社員,休職,担当,
E0172,渡辺 翔,accounting,37,320000,N/A,86,2020-11-09,Nagoya,part-time,active,リーダー,要確認
E0173,小林 結衣,人事,39,280000,6,90,2022-05-02, tokyo ,fulltime,,担当,
E0174,山本翔,HR,50,500000,29,59,2023-09-22,Nagoya,正社員,在籍,アシスタント,要確認
E0175,伊藤 葵,Support,45歳,620000,36,80,2024/04/24,Tokyo,契約,active,担当,要確認
E0176,吉田 葵, Sales ,39,240000,34,52点,2025-06-17,Tokyo,fulltime,ACTIVE,アシスタント,メール不達
E0177,佐藤 美月,開発,42,420000,45,87,未定,東京,Full-time,退職,マネージャー,重複かも
E0178,高橋 悠真,経理,45,280000,-5,76,2021-06-28, tokyo ,contract,休職,主任,住所確認
E0179,鈴木 翔,HR,31,320000,41,57,2023-09-09, tokyo ,Full-time,休職,担当,住所確認
E0180,佐藤 葵,dev,59,360000,15,50,2021/09/24,Osaka,contract,,アシスタント,住所確認
E0181,山本 大翔,サポート,29,280000,13,55,2023-06-25, tokyo ,part-time,在籍,マネージャー,住所確認
E0182,鈴木 彩乃,サポート,23歳,360000,34,93,2020年3月11日,Nagoya,Full-time,active,アシスタント,メール不達
E0183,渡辺 美月,サポート,99歳,500000,9,66,2021-07-11,名古屋,contract,在籍,アシスタント,メール不達
E0184,高橋 葵,dev,56,"¥320,000",19,92,2023-04-26,Osaka,正社員,retired,担当,重複かも
 emp-0185 ,高橋 翔,accounting,47,360000,13,99,2020/03/19,名古屋,正社員,,担当,重複かも
E0186,高橋 翔,ＤＥＶ,50,"360,000円",34,83,2020-05-22, tokyo ,契約,leave,マネージャー,重複かも
E0187, 鈴木 翔 ,営業,22,420000,36,51点,2020-11-03,リモート,正社員,ACTIVE,担当,重複かも
E0188,小林 莉子,HR,52,360000,38時間,45,2020-02-04, tokyo ,fulltime,retired,リーダー,
E0189,佐藤 大翔,Support,44歳,500000,34,87,2025-10-07,Osaka,Full-time,ACTIVE,アシスタント,重複かも
E0190,高橋 葵,開発,23,500000,22,95,2024/09/26,Nagoya,Full-time,,リーダー,メール不達
E0191,高橋 凛,経理,51,420000,32,78,2021-10-04,リモート,契約,休職,主任,
E0192,小林 結衣,accounting,32,320000,30,66,not date, tokyo ,Full-time,ACTIVE,アシスタント,要確認
E0193,鈴木 翔,HR,47,620000,43,53,2022-01-11,remote,アルバイト,active,リーダー,住所確認
E0194,小林 悠真,営業,55,240000,45,65,2020-06-12,大阪,Full-time,active,アシスタント,要確認
E0195,田中 莉子,経理,39,420000,22,61,2023年4月28日,大阪,contract,,主任,
E0196,加藤 彩乃,Support,50歳,620000,5,98,2022-05-10,remote,fulltime,在籍,担当,要確認
E0197,加藤 結衣,dev,40,280000,1,79,2020-11-11,リモート,Full-time,leave,アシスタント,
E0198,小林 莉子,経理,34,620000,15,96点,2025-04-08,リモート,アルバイト,active,主任,要確認
E0199,伊藤 湊,HR,30,320000,2,67,2024-10-08,Osaka,fulltime,active,アシスタント,住所確認
E0200,吉田 大翔,ＤＥＶ,44,280000,21,71,2025/03/09, tokyo ,アルバイト,ACTIVE,アシスタント,
E0201,渡辺 凛,経理,45,360000,0,未評価,2020-01-22,大阪,契約,,リーダー,メール不達
E0202,山田 結衣,サポート,42,360000,40,55,2020-05-16,大阪,contract,,担当,要確認
E0203,山本大翔,accounting,48歳,320000,26,57,2022-06-05,Nagoya,正社員,leave,担当,住所確認
E0204, 渡辺 翔 ,開発,21,320000,4,85,2020-05-28,リモート,Full-time,,アシスタント,重複かも
e0205,中村 蓮,Support,29,420000,18,86,2025/11/15,名古屋,part-time,retired,リーダー,要確認
E0206,山田 葵,accounting,58,360000,33,75,2024-01-12,大阪,正社員,休職,主任,住所確認
E0207,鈴木 湊,経理,41,"¥320,000",2,51,2020-02-15,Nagoya,fulltime,leave,主任,メール不達
E0208,吉田 悠真, Sales ,55,360000,33,82,2023年7月7日,Tokyo,part-time,休職,担当,
E0209,山田 陽菜,HR,27,240000,16,46点,2021-09-27,remote,fulltime,active,担当,重複かも
E0210,渡辺 陽菜,開発,48歳,360000,1,99,2021/04/06, tokyo ,契約,,主任,住所確認
E0211,田中 彩乃,dev,37,500000,29,51,2025-09-19,大阪,契約,在籍,主任,メール不達
E0212,山田 凛,ＤＥＶ,,500000,6,82,2020-08-12,Tokyo,fulltime,在籍,リーダー,住所確認
E0213,鈴木 湊,dev,53,420000,17,120点,2022-06-14,Osaka,契約,active,マネージャー,要確認
E0214,田中 蓮,HR,39,320000,39,73,2021-10-09,東京,契約,,担当,住所確認
E0215,伊藤 彩乃,経理,54,360000,N/A,65,2021/05/07,Nagoya,正社員,ACTIVE,リーダー,
E0216,吉田 葵,HR,59,240000,31,50,2022-05-27,東京,fulltime,active,担当,重複かも
E0217,小林 結衣,経理,52歳,"620,000円",43,96,2023-07-06, tokyo ,fulltime,休職,アシスタント,住所確認
E0218,田中 蓮, Sales ,44,240000,29,65,2020-10-12, tokyo ,fulltime,ACTIVE,マネージャー,住所確認
E0219,中村 大翔,ＤＥＶ,42,360000,5,86,2021-06-17,remote,fulltime,ACTIVE,アシスタント,
E0220,中村 莉子, Sales ,42,620000,6,67点,2023/12/17,Osaka,contract,leave,主任,住所確認
E0221, 中村 結衣 ,dev,32,500000,1,68,2022年8月28日,東京,アルバイト,retired,リーダー,重複かも
 emp-0222 ,吉田 彩乃,営業,30,320000,43,81,2020-03-07,Tokyo,contract,leave,アシスタント,重複かも
E0223,鈴木 結衣,サポート,43,240000,42,62,2024-05-02,Tokyo,正社員,leave,アシスタント,
E0224,山田 翔,経理,49歳,500000,36,87,2024-06-06,Nagoya,part-time,retired,主任,住所確認
E0225,加藤 陽菜,accounting,57,280000,20,79,2022/09/28,Tokyo,Full-time,ACTIVE,主任,重複かも
E0226,加藤 湊,開発,25,620000,12,66,2024-11-16,大阪,contract,在籍,主任,住所確認
E0227,高橋 彩乃, Sales ,33,420000,16,77,2022-06-06,Nagoya,Full-time,ACTIVE,アシスタント,住所確認
E0228,田中 凛,サポート,42,320000,0,81,2024-04-14,Tokyo,part-time,休職,リーダー,重複かも
E0229,田中 翔,人事,42,280000,18,60,2024-05-07,東京,contract,休職,アシスタント,メール不達
E0230,吉田 陽菜,人事,52,"¥620,000",26,65,2025/06/18,東京,アルバイト,在籍,主任,
E0231,田中 彩乃,経理,23歳,320000,38,96点,2023-02-16,Nagoya,part-time,在籍,担当,要確認
E0232,山本凛,経理,43,360000,41,72,2025-07-11,Osaka,fulltime,active,リーダー,住所確認
E0233,鈴木 大翔,営業,38,620000,7,59,2021-11-10,Osaka,契約,退職,主任,住所確認
E0234,小林 彩乃,dev,24,620000,5,78,2022年2月6日,Osaka,fulltime,ACTIVE,アシスタント,住所確認
E0235,鈴木 美月, Sales ,34,500000,15時間,78,2020/04/04,東京,contract,休職,主任,要確認
E0236,田中 大翔,dev,51,320000,29,63,未定,名古屋,fulltime,active,主任,住所確認
E0237,小林 翔,ＤＥＶ,27,不明,35,96,2021-12-27,Tokyo,契約,在籍,担当,重複かも
E0238, 中村 美月 ,開発,38歳,360000,15,91,2021-04-17,大阪,fulltime,退職,アシスタント,重複かも
E0239,山本 大翔,サポート,57,420000,12,56,2024-04-20,Tokyo,part-time,休職,リーダー,住所確認
E0240,小林 凛,Support,46,500000,21,79,2024/04/27,大阪,Full-time,退職,マネージャー,要確認
E0241,高橋 陽菜,経理,39,320000,4,48,2020-02-18,Tokyo,契約,在籍,アシスタント,メール不達
E0242,中村 悠真,営業,25,280000,20,70点,2025-01-07,東京,正社員,退職,リーダー,住所確認
E0243,小林 陽菜,営業,21,240000,37,67,2020-11-12, tokyo ,part-time,ACTIVE,マネージャー,住所確認
E0244,渡辺 翔,Support,99歳,620000,37,62,2022-01-09,大阪,part-time,active,主任,
E0245,中村 悠真,HR,26歳,320000,4,55,2023/01/07,リモート,part-time,休職,アシスタント,要確認
e0246,渡辺 翔,営業,21,620000,30,94,2025-11-15,大阪,contract,,リーダー,住所確認
E0247,高橋 美月,dev,27,240000,3,63,2024年11月1日, tokyo ,fulltime,active,担当,要確認
E0248,山田 蓮,sales,32,"500,000円",44,49,2025-10-09,remote,part-time,退職,主任,要確認
E0249,小林 大翔,サポート,51,360000,39,60,2023-11-23,名古屋,Full-time,在籍,リーダー,要確認
E0250,鈴木 悠真, Sales ,25,240000,15,91,2022/11/23, tokyo ,正社員,在籍,マネージャー,住所確認
E0251,高橋 大翔,HR,27,360000,44,49,2022-03-15,名古屋,正社員,休職,担当,重複かも
E0252,鈴木 悠真,ＤＥＶ,41歳,240000,17,53,2024-10-11,名古屋,part-time,ACTIVE,主任,メール不達
E0253,小林 凛,HR,24,"¥360,000",4,57点,2024-04-11,リモート,正社員,,担当,メール不達
E0254,田中 凛,accounting,29,360000,2,88,2022-09-03,Osaka,契約,休職,アシスタント,要確認
E0255, 伊藤 結衣 ,営業,37,360000,11,91,2023/07/09,大阪,fulltime,,リーダー,
E0256,吉田 悠真,営業,43,320000,21,83,not date,東京,アルバイト,active,主任,住所確認
E0257,佐藤 葵,Support,37,240000,32,80,2025-01-23,名古屋,contract,active,マネージャー,要確認
E0258,高橋 凛,HR,33,320000,N/A,82,2023-11-14,リモート,part-time,leave,アシスタント,メール不達
 emp-0259 ,高橋 結衣,dev,59歳,240000,0,75,2024-03-12,Osaka,fulltime,在籍,担当,要確認
E0260,渡辺 凛,経理,42,360000,36,76,2022年7月8日,リモート,fulltime,,リーダー,メール不達
E0261,渡辺凛, Sales ,34,320000,22,94,2024-03-24,東京,contract,ACTIVE,マネージャー,要確認
E0262,渡辺 大翔,Support,30,320000,11,45,2022-04-08,Tokyo,正社員,leave,アシスタント,メール不達
E0263,加藤 彩乃,ＤＥＶ,39,240000,38,56,2025-03-14,大阪,part-time,退職,主任,メール不達
E0264,加藤 悠真,HR,51,360000,38,97点,2023-04-07,Osaka,contract,休職,マネージャー,住所確認
E0265,佐藤 悠真,営業,,320000,22,57,2025/08/03, tokyo ,part-time,active,リーダー,住所確認
E0266,伊藤 結衣,経理,31歳,280000,32,76,2020-04-16,名古屋,fulltime,休職,主任,住所確認
E0267,伊藤 凛, Sales ,38,240000,-5,99,2021-09-22,大阪,正社員,休職,リーダー,
E0268,山田 彩乃, Sales ,26,620000,22,未評価,2020-09-20,名古屋,fulltime,休職,アシスタント,
E0269,佐藤 翔,経理,52,420000,8,52,2020-10-12,Osaka,fulltime,ACTIVE,アシスタント,要確認
E0270,中村 凛,accounting,59,420000,3,86,2024/03/08,大阪,fulltime,retired,アシスタント,要確認
E0271,山本 翔, Sales ,45,280000,15,95,2023-06-18,Tokyo,fulltime,retired,担当,
E0272, 加藤 凛 , Sales ,21,420000,28,79,2020-11-18,大阪,契約,在籍,マネージャー,重複かも
E0273,渡辺 美月,経理,59歳,500000,28,97,2023年6月16日,Tokyo,fulltime,active,アシスタント,
E0274,加藤 葵,ＤＥＶ,28,320000,35,85,2025-02-17, tokyo ,アルバイト,,アシスタント,メール不達
E0275,加藤 悠真,sales,34,320000,13,79点,2023/04/20,Nagoya,アルバイト,退職,マネージャー,住所確認
E0276,伊藤 蓮,dev,37,"¥500,000",26,90,2020-05-21,Osaka,正社員,在籍,アシスタント,住所確認
E0277,高橋 陽菜,Support,34,240000,34,76,2021-01-16,Osaka,契約,leave,アシスタント,要確認
E0278,中村 蓮,営業,26,360000,36,47,2024-12-07,Osaka,契約,retired,マネージャー,住所確認
E0279,佐藤 湊,sales,29,"240,000円",22,83,2022-08-03,大阪,アルバイト,休職,アシスタント,重複かも
E0280,加藤 湊,経理,37歳,320000,8,97,2021/06/04,名古屋,fulltime,ACTIVE,担当,重複かも
E0281,吉田 結衣,sales,35,360000,36,79,2025-10-13,Tokyo,contract,ACTIVE,担当,
E0282,鈴木 翔,accounting,38,280000,2時間,48,2020-04-19,Nagoya,Full-time,在籍,マネージャー,住所確認
E0283,中村 翔,sales,54,420000,1,71,2023-07-16,名古屋,正社員,retired,担当,住所確認
E0284,加藤 大翔,営業,44,320000,1,120点,2023-10-27,名古屋,Full-time,ACTIVE,主任,メール不達
E0285,小林 翔,営業,50,620000,34,83,2024/01/25,リモート,契約,retired,担当,要確認
E0286,佐藤 翔,営業,32,280000,18,82点,2025年1月24日,名古屋,part-time,retired,マネージャー,要確認
e0287,高橋 葵, Sales ,53歳,360000,8,99,2025-08-18,東京,正社員,休職,マネージャー,
E0288,伊藤 莉子,サポート,44,280000,45,55,2024-11-09,remote,Full-time,active,マネージャー,重複かも
E0289, 山田 悠真 ,Support,24,360000,30,65,2021-11-26,Tokyo,part-time,退職,担当,住所確認
E0290,山田凛,営業,34,280000,14,76,2023/01/12,Nagoya,契約,retired,リーダー,メール不達
E0291,加藤 大翔,HR,28,240000,4,59,2020-06-28, tokyo ,Full-time,leave,主任,メール不達
E0292,高橋 彩乃,サポート,48,620000,45,56,2022-08-08,名古屋,Full-time,退職,主任,住所確認
E0293,中村 彩乃,経理,26,280000,26,90,2025-03-05,Osaka,アルバイト,,主任,メール不達
E0294,田中 蓮,ＤＥＶ,53歳,320000,32,57,2020-03-21,Osaka,Full-time,在籍,アシスタント,要確認
E0295,山田 結衣,経理,20,320000,7,81,未定,大阪,contract,退職,リーダー,住所確認
 emp-0296 ,吉田 陽菜,サポート,34,280000,15,55,2021-12-01,Tokyo,fulltime,休職,アシスタント,住所確認
E0297,中村 蓮,Support,37,620000,6,51点,2021-08-13,Osaka,正社員,休職,主任,要確認
E0298,鈴木 悠真,サポート,35,360000,23,92,2020-01-24,Osaka,fulltime,休職,アシスタント,重複かも
E0299,佐藤 結衣,人事,51,"¥280,000",30,83,2021年5月14日, tokyo ,contract,ACTIVE,リーダー,
E0300,山本 莉子,HR,43,360000,24,91,2020/09/14,大阪,fulltime,retired,担当,
E0301,小林 凛,サポート,26歳,500000,N/A,75,2021-01-25,Osaka,アルバイト,退職,担当,要確認
E0302,渡辺 翔,Support,26,320000,27,98,2020-08-13,名古屋,part-time,active,リーダー,住所確認
E0303,伊藤 結衣,Support,42,620000,43,95,2020-07-14, tokyo ,Full-time,,担当,重複かも
E0304,高橋 結衣,人事,21,500000,5,65,2025-01-28,名古屋,fulltime,leave,マネージャー,要確認
E0305,渡辺 悠真,accounting,99歳,620000,25,89,2024/10/09,東京,contract,退職,リーダー,メール不達
E0306, 吉田 彩乃 ,HR,48,320000,18,52,2022-08-07,remote,アルバイト,ACTIVE,マネージャー,
E0307,加藤 陽菜,dev,27,500000,18,85,2025-03-21,大阪,正社員,休職,アシスタント,
E0308,渡辺 凛,開発,30歳,360000,27,80点,2021-07-24,リモート,アルバイト,在籍,マネージャー,住所確認
E0309,渡辺 莉子,sales,29,280000,44,79,2020-04-05,大阪,part-time,退職,リーダー,重複かも
E0310,吉田 葵,accounting,55,"280,000円",1,65,2024/12/23,Nagoya,part-time,,リーダー,メール不達
E0311,山本 結衣,Support,58,500000,39,93,2024-04-04,東京,契約,退職,マネージャー,要確認
E0312,伊藤 結衣,accounting,46,280000,21,87,2021年10月2日,リモート,part-time,休職,主任,住所確認
E0313,小林 結衣,HR,54,360000,23,60,2020-08-09,Osaka,contract,active,主任,住所確認
E0314,渡辺 葵,ＤＥＶ,24,360000,36,93,2020-05-27,名古屋,契約,,マネージャー,
E0315,伊藤 凛,経理,23歳,320000,43,72,2025/03/27,Osaka,contract,leave,担当,要確認
E0316,小林 莉子,ＤＥＶ,59,不明,20,53,2022-11-11, tokyo ,part-time,退職,リーダー,要確認
E0317,高橋 翔,人事,53,240000,33,59,2021-10-02,Nagoya,part-time,active,主任,
E0318,山田 結衣,経理,,320000,7,75,2023-09-16,東京,contract,active,マネージャー,要確認
E0319,田中大翔, Sales ,26,420000,34,71点,2022-04-02,Tokyo,part-time,退職,マネージャー,
E0320,山本 湊,accounting,25,620000,24,51,not date,東京,アルバイト,,アシスタント,住所確認
E0321,高橋 葵,営業,25,360000,28,56,2021-05-16,名古屋,正社員,leave,アシスタント,
E0322,鈴木 悠真,accounting,47歳,"¥240,000",40,61,2025-11-11,remote,アルバイト,leave,担当,
E0323, 伊藤 凛 ,経理,43,240000,17,65,2021-09-08,Nagoya,Full-time,,担当,メール不達
E0324,中村 陽菜,sales,40,320000,43,80,2022-08-09,remote,正社員,ACTIVE,担当,
E0325,渡辺 彩乃,開発,23,500000,20,61,2022年5月22日,Tokyo,Full-time,ACTIVE,アシスタント,重複かも
E0326,山田 大翔,サポート,52,280000,39,94,2023-01-05, tokyo ,契約,leave,担当,住所確認
E0327,伊藤 悠真,sales,53,320000,2,57,2020-10-20,remote,fulltime,ACTIVE,マネージャー,メール不達
e0328,加藤 凛,営業,36,240000,22,95,2022-08-04,Nagoya,part-time,ACTIVE,マネージャー,住所確認
E0329,山田 蓮,sales,34歳,500000,7時間,64,2023-01-05,東京,契約,retired,主任,要確認
E0330,加藤 悠真,経理,54,620000,20,75点,2021/08/28, tokyo ,fulltime,退職,リーダー,要確認
E0331,小林 悠真,accounting,44,420000,1,49,2023-01-28,Tokyo,part-time,active,アシスタント,
E0332,鈴木 翔,accounting,50,420000,18,56,2021-10-23,大阪,fulltime,在籍,リーダー,要確認
 emp-0333 ,加藤 陽菜, Sales ,20,320000,43,81,2022-05-06,Nagoya,part-time,active,担当,要確認
E0334,山本 湊,HR,46,620000,9,48,2024-12-14,remote,正社員,退職,アシスタント,メール不達
E0335,渡辺 莉子,Support,58,620000,5,未評価,2024/02/12,東京,part-time,active,アシスタント,住所確認
E0336,渡辺 蓮,人事,37歳,500000,2,45,2024-05-06,東京,契約,在籍,マネージャー,住所確認
E0337,吉田 陽菜,Support,39,240000,38,100,2023-02-01,大阪,Full-time,active,マネージャー,重複かも
E0338,伊藤 悠真,サポート,23,500000,2,62,2024年9月18日,名古屋,Full-time,退職,マネージャー,要確認
E0339,渡辺 葵,HR,33,280000,44,89,2024-09-03,リモート,正社員,leave,担当,住所確認
E0340, 小林 彩乃 ,開発,59,420000,16,81,2022/11/16,大阪,fulltime,ACTIVE,主任,メール不達
E0341,小林 蓮,Support,25,"320,000円",36,59点,2022-01-04,remote,fulltime,ACTIVE,アシスタント,住所確認
E0342,山本 大翔,ＤＥＶ,59,420000,31,83,2020-09-22,名古屋,正社員,在籍,リーダー,重複かも
E0343,中村 葵,sales,26歳,360000,34,65,2022-02-16, tokyo ,contract,退職,アシスタント,重複かも
E0344,小林 大翔,Support,43,280000,N/A,67,2024-11-11,名古屋,fulltime,在籍,主任,住所確認
E0345,山本 葵,Support,21,"¥360,000",6,84,2022/02/26,大阪,契約,active,アシスタント,
E0346,山田 葵,サポート,41,500000,34,67,2023-06-06,名古屋,アルバイト,ACTIVE,マネージャー,住所確認
E0347,高橋 莉子,営業,28,280000,4,61,2023-11-25,Tokyo,契約,ACTIVE,アシスタント,メール不達
E0348,山田翔,dev,39,280000,7,59,2021-12-04,remote,contract,退職,マネージャー,
E0349,山田 蓮,人事,50,420000,14,95,2025-07-18,リモート,contract,退職,リーダー,重複かも
E0350,加藤 結衣,Support,54歳,500000,7,89,2021/02/23,名古屋,fulltime,leave,アシスタント,要確認
E0351,山本 結衣,人事,48,360000,37,86,2022年11月18日,リモート,アルバイト,active,アシスタント,重複かも
E0352,小林 悠真,HR,31,620000,26,79点,2021-09-12,Tokyo,part-time,退職,担当,
E0353,山本 凛,サポート,48,280000,41,51,2025-11-28,remote,アルバイト,,リーダー,要確認
E0354,山本 美月,サポート,22,500000,24,97,未定,Osaka,contract,退職,マネージャー,要確認
E0355,吉田 結衣, Sales ,35,320000,15,120点,2022/11/22,Tokyo,contract,leave,アシスタント,
E0356,小林 凛,営業,24,620000,-5,82,2022-07-05,大阪,contract,退職,担当,
E0357, 山田 陽菜 ,営業,28歳,240000,1,72,2023-12-11,Nagoya,fulltime,ACTIVE,主任,要確認
E0358,山田 蓮,Support,34,280000,41,55,2022-02-27,名古屋,part-time,retired,マネージャー,
E0359,佐藤 結衣,dev,38,360000,20,82,2020-09-28,remote,アルバイト,ACTIVE,リーダー,住所確認
E0360,田中 凛,経理,44,320000,41,85,2023/06/15,remote,fulltime,active,アシスタント,
E0361,山田 結衣,accounting,22,500000,30,85,2025-09-28,remote,正社員,,マネージャー,
E0362,伊藤 悠真,経理,33,500000,15,96,2020-08-25,リモート,契約,ACTIVE,アシスタント,重複かも
E0363,高橋 凛,dev,59,240000,34,88点,2022-04-28, tokyo ,contract,leave,アシスタント,要確認
E0364,鈴木 湊,HR,24歳,360000,42,90,2024年3月23日,東京,契約,退職,マネージャー,重複かも
E0365,佐藤 蓮,人事,30,420000,7,45,2021/06/25,Tokyo,契約,retired,担当,重複かも
E0366,渡辺 彩乃,dev,99歳,360000,44,91,2021-10-24, tokyo ,contract,active,マネージャー,要確認
E0367,鈴木 蓮, Sales ,22,280000,33,81,2020-02-06,Nagoya,Full-time,ACTIVE,リーダー,要確認
E0368,田中 大翔,ＤＥＶ,30,"¥620,000",22,55,2020-07-13,remote,契約,退職,担当,要確認
e0369,田中 悠真,accounting,43,280000,45,58,2024-05-23,リモート,part-time,active,リーダー,
 emp-0370 ,小林 大翔,経理,25,500000,13,85,2021/11/11, tokyo ,contract,retired,担当,
E0371,佐藤 陽菜,ＤＥＶ,,240000,9,80,2022-04-05,Tokyo,アルバイト,在籍,リーダー,重複かも
E0372,伊藤 葵,accounting,54,"280,000円",24,57,2024-07-11,remote,contract,active,リーダー,
E0373,山田 湊,HR,38,280000,2,50,2025-09-04,大阪,contract,active,担当,
E0374, 山本 翔 ,accounting,57,360000,35,90点,2024-08-17,リモート,contract,退職,リーダー,
E0375,伊藤 美月,accounting,36,620000,4,84,2023/12/07,Tokyo,Full-time,ACTIVE,担当,
E0376,加藤 美月,HR,42,320000,30時間,94,2020-09-11,大阪,contract,retired,担当,要確認
E0377,鈴木美月,Support,52,360000,12,95,2023年6月8日,Osaka,fulltime,active,アシスタント,要確認
E0378,鈴木 彩乃,dev,55歳,420000,38,47,2021-07-17,Osaka,契約,ACTIVE,主任,重複かも
E0379,佐藤 彩乃,HR,31,240000,1,65,2023-09-08,東京,part-time,,主任,重複かも
E0380,山田 美月,経理,27,500000,43,63,2022/02/27,remote,アルバイト,,担当,要確認
E0381,高橋 美月, Sales ,21,280000,5,87,2020-01-26,Tokyo,正社員,ACTIVE,マネージャー,
E0382,渡辺 美月,dev,51,500000,16,92,2023-08-13,名古屋,part-time,leave,リーダー,住所確認
E0383,吉田 結衣,人事,54,420000,9,61,2021-08-22,東京,part-time,ACTIVE,アシスタント,重複かも
E0384,山田 湊,開発,20,500000,32,71,not date,名古屋,contract,休職,アシスタント,メール不達
E0385,中村 悠真, Sales ,27歳,280000,39,93点,2021/05/21,リモート,契約,ACTIVE,主任,重複かも
E0386,渡辺 悠真,HR,41,420000,33,89,2024-06-08,Tokyo,アルバイト,active,マネージャー,重複かも
E0387,山本 陽菜,HR,54,500000,N/A,73,2025-08-03,名古屋,Full-time,在籍,マネージャー,重複かも
E0388,小林 翔,accounting,43,420000,34,77,2020-10-17,Tokyo,正社員,退職,主任,重複かも
E0389,中村 美月,accounting,40,360000,38,86,2023-06-19,東京,Full-time,ACTIVE,マネージャー,メール不達
E0390,佐藤 悠真,サポート,28,280000,43,63,2024年3月23日,remote,契約,ACTIVE,主任,住所確認
E0391, 小林 彩乃 ,開発,32,"¥620,000",43,80,2023-06-19,大阪,contract,,主任,メール不達
E0392,山田 陽菜,accounting,43歳,500000,43,72,2023-05-07,大阪,契約,在籍,主任,メール不達
E0393,伊藤 悠真,ＤＥＶ,35,500000,4,69,2023-10-28,Tokyo,契約,在籍,リーダー,重複かも
E0394,高橋 莉子, Sales ,25,320000,15,93,2022-08-19,Nagoya,fulltime,,マネージャー,メール不達
E0395,中村 美月,開発,41,不明,7,73,2024/06/08,Tokyo,契約,leave,マネージャー,
E0396,高橋 莉子,ＤＥＶ,49,420000,42,87点,2021-04-26,大阪,Full-time,退職,主任,メール不達
E0397,高橋 結衣,HR,53,280000,20,71,2020-08-23,Osaka,アルバイト,休職,リーダー,
E0398,山本 大翔,HR,26,360000,2,47,2024-12-11,名古屋,アルバイト,leave,担当,
E0399,伊藤 彩乃,Support,32歳,280000,22,87,2022-03-09, tokyo ,Full-time,active,主任,
E0400,山田 彩乃,ＤＥＶ,45,620000,30,55,2022/05/27,Nagoya,fulltime,retired,アシスタント,要確認
E0401,田中 翔, Sales ,34,620000,36,86,2025-10-06,東京,契約,,マネージャー,メール不達
E0402,中村 結衣, Sales ,42,360000,43,未評価,2024-12-12, tokyo ,contract,ACTIVE,主任,要確認
E0403,吉田 結衣,サポート,50,"320,000円",23,51,2024年4月26日,remote,アルバイト,休職,主任,メール不達
E0404,佐藤 蓮,開発,42,500000,43,100,2024-11-09,リモート,Full-time,退職,主任,メール不達
E0405,渡辺 翔,ＤＥＶ,46,280000,4,98,2024/11/12,大阪,fulltime,,リーダー,メール不達
E0406,吉田葵,営業,48歳,240000,20,83,2022-08-13, tokyo ,Full-time,retired,マネージャー,要確認
 emp-0407 ,吉田 美月,dev,25,240000,11,49点,2025-09-02,東京,Full-time,,リーダー,
E0408, 吉田 陽菜 ,ＤＥＶ,47,620000,3,71,2021-03-07,Nagoya,正社員,在籍,マネージャー,メール不達
E0409,伊藤 莉子,人事,55,360000,12,83,2024-12-28,Tokyo,part-time,retired,主任,住所確認
e0410,高橋 結衣,HR,42,620000,11,98,2022/03/18,大阪,アルバイト,retired,マネージャー,
E0411,佐藤 蓮,開発,35,240000,32,70,2024-03-02,Nagoya,契約,leave,担当,住所確認
E0412,小林 莉子,Support,52,500000,5,88,2025-10-16,Tokyo,Full-time,ACTIVE,担当,
E0413,渡辺 大翔,HR,41歳,420000,43,45,未定,Nagoya,fulltime,在籍,アシスタント,住所確認
E0414,山田 彩乃,ＤＥＶ,46,"¥500,000",36,99,2024-11-18,Osaka,アルバイト,休職,マネージャー,住所確認
E0415,佐藤 凛,Support,49,360000,10,91,2021/06/11,リモート,contract,退職,アシスタント,
E0416,山田 莉子,accounting,48,360000,35,94,2024年6月19日,Osaka,contract,退職,担当,メール不達
E0417,伊藤 美月,経理,57,280000,22,81,2024-02-21,Nagoya,contract,在籍,リーダー,
E0418,佐藤 湊,営業,52,240000,3,90点,2023-06-23,Nagoya,fulltime,在籍,リーダー,住所確認
E0419,佐藤 彩乃,経理,36,360000,14,58,2021-11-13,リモート,contract,,主任,要確認
E0420,山田 悠真,HR,27歳,280000,45,97,2021/06/19,リモート,契約,active,マネージャー,要確認
E0421,鈴木 美月,sales,21,320000,20,47,2020-06-28,東京,契約,在籍,リーダー,メール不達
E0422,山本 凛, Sales ,41,420000,3,94,2022-05-17,Osaka,アルバイト,退職,リーダー,住所確認
E0423,田中 蓮,人事,26,420000,32時間,55,2021-07-16,大阪,アルバイト,ACTIVE,アシスタント,要確認
E0424,鈴木 蓮,ＤＥＶ,,360000,40,73,2024-07-27, tokyo ,Full-time,退職,主任,住所確認
E0425, 渡辺 悠真 , Sales ,35,240000,19,63,2022/03/26,東京,正社員,在籍,主任,メール不達
E0426,吉田 悠真,経理,49,500000,41,120点,2023-02-02,大阪,contract,active,マネージャー,
E0427,山田 彩乃,dev,99歳,620000,13,72,2024-08-10,大阪,part-time,休職,担当,メール不達
E0428,山本 湊, Sales ,28,280000,18,54,2024-08-08,Osaka,contract,休職,リーダー,メール不達
E0429,田中 翔,開発,49,360000,43,94点,2024年7月21日, tokyo ,正社員,active,マネージャー,メール不達
E0430,伊藤 美月,ＤＥＶ,22,420000,N/A,71,2024/09/09,リモート,契約,leave,担当,
E0431,鈴木 翔,ＤＥＶ,36,280000,11,84,2023-11-24,大阪,正社員,active,担当,メール不達
E0432,吉田 美月,accounting,39,280000,10,66,2022-07-14,リモート,正社員,retired,主任,メール不達
E0433,加藤 湊,sales,33,320000,37,60,2025-08-14,名古屋,part-time,retired,主任,住所確認
E0434,吉田 蓮,人事,48歳,"320,000円",31,91,2020-11-05,remote,アルバイト,休職,リーダー,重複かも
E0435,山田陽菜,accounting,50,240000,33,95,2024/08/03,東京,契約,退職,マネージャー,
E0436,山本 莉子,サポート,24,360000,2,54,2023-10-27,大阪,アルバイト,退職,主任,住所確認
E0437,高橋 悠真,経理,48,"¥280,000",39,71,2021-04-22,Tokyo,contract,active,主任,要確認
E0438,佐藤 結衣,accounting,26,420000,40,64,2025-06-24,Osaka,正社員,leave,マネージャー,メール不達
E0439,中村 悠真,経理,57,320000,17,82,2023-09-21,大阪,正社員,休職,担当,重複かも
E0440,加藤 悠真,Support,50,500000,35,64点,2021/01/26,名古屋,contract,在籍,アシスタント,住所確認
E0441,小林 湊,開発,34歳,280000,41,76,2021-12-17,リモート,Full-time,,マネージャー,重複かも
E0442, 鈴木 大翔 ,人事,43,320000,38,78,2020年7月27日, tokyo ,fulltime,在籍,担当,重複かも
E0443,田中 凛,サポート,54,620000,22,76,2022-05-16,Osaka,契約,在籍,マネージャー,
 emp-0444 ,伊藤 凛,HR,56,280000,28,53,2020-01-20, tokyo ,part-time,leave,アシスタント,要確認
E0445,山本 莉子,人事,23,320000,-5,54,2022/12/26,Tokyo,contract,退職,主任,要確認
E0446,高橋 翔,経理,42,280000,26,83,2021-06-12,リモート,アルバイト,ACTIVE,アシスタント,
E0447,佐藤 彩乃,accounting,47,420000,39,67,2021-06-16,東京,契約,退職,アシスタント,
E0448,鈴木 葵,ＤＥＶ,31歳,280000,42,68,not date,remote,fulltime,退職,マネージャー,要確認
E0449,田中 悠真,Support,39,360000,7,80,2021-06-05,Osaka,part-time,ACTIVE,主任,
E0450,渡辺 葵, Sales ,36,320000,43,80,2021/01/10,大阪,contract,leave,リーダー,重複かも
e0451,伊藤 大翔,人事,41,620000,31,69点,2025-12-19,Osaka,契約,在籍,担当,要確認
E0452,伊藤 凛,経理,26,320000,30,92,2020-12-02,remote,アルバイト,retired,主任,要確認
E0453,山本 凛,HR,20,240000,1,47,2022-05-13,名古屋,Full-time,active,アシスタント,メール不達
E0454,山田 大翔,sales,27,420000,42,69,2024-04-12,Osaka,契約,ACTIVE,アシスタント,要確認
E0455,中村 葵,Support,41歳,320000,11,74,2020年6月21日,リモート,正社員,休職,アシスタント,要確認
E0456,吉田 結衣,開発,44,420000,31,86,2021-04-02,名古屋,Full-time,leave,アシスタント,メール不達
E0457,吉田 陽菜,accounting,47,420000,9,51,2020-06-15, tokyo ,契約,ACTIVE,マネージャー,
E0458,高橋 翔,accounting,23,320000,27,49,2022-09-22,大阪,契約,ACTIVE,マネージャー,メール不達
E0459, 山田 大翔 ,経理,32,320000,38,66,2025-07-10,remote,契約,在籍,リーダー,要確認
E0460,山田 凛,開発,38,"¥280,000",37,48,2021/09/06,リモート,Full-time,active,マネージャー,重複かも
E0461,加藤 凛, Sales ,33,500000,0,61,2021-09-27,大阪,contract,ACTIVE,マネージャー,重複かも
E0462,鈴木 蓮,sales,59歳,280000,44,89点,2023-11-12,リモート,fulltime,ACTIVE,マネージャー,重複かも
E0463,高橋 結衣,サポート,54,500000,45,78,2021-04-14,Tokyo,contract,ACTIVE,リーダー,重複かも
E0464,小林彩乃,人事,41,360000,6,66,2020-08-18,大阪,contract,retired,アシスタント,要確認
E0465,高橋 葵,dev,32,"280,000円",35,75,2021/07/18,remote,fulltime,,リーダー,要確認
E0466,中村 凛,人事,45,240000,30,80,2022-10-09,リモート,アルバイト,active,アシスタント,住所確認
E0467,中村 結衣, Sales ,55,620000,34,73,2021-02-24,リモート,part-time,active,アシスタント,要確認
E0468,吉田 莉子,HR,52,500000,13,63,2022年4月6日,Osaka,Full-time,在籍,リーダー,
E0469,吉田 葵,Support,48歳,620000,10,未評価,2024-11-08,名古屋,契約,,アシスタント,
E0470,佐藤 悠真,ＤＥＶ,27,620000,25時間,56,2022/04/25,Nagoya,contract,休職,マネージャー,
E0471,渡辺 大翔,HR,27,280000,34,53,2022-06-11,大阪,Full-time,leave,アシスタント,住所確認
E0472,小林 翔,人事,33,620000,8,79,未定,Tokyo,part-time,在籍,担当,要確認
E0473,山本 結衣,sales,24,320000,N/A,75点,2023-07-24,リモート,Full-time,ACTIVE,アシスタント,住所確認
E0474,中村 大翔,Support,55,不明,36,59,2023-03-13,Osaka,契約,leave,主任,
E0475,中村 陽菜,sales,35,240000,13,64,2023/08/27,Osaka,fulltime,在籍,リーダー,
E0476, 田中 蓮 , Sales ,32歳,240000,15,61,2025-08-02,名古屋,正社員,leave,マネージャー,メール不達
E0477,小林 蓮,sales,,280000,2,61,2025-07-01,リモート,fulltime,,リーダー,重複かも
E0478,鈴木 彩乃,ＤＥＶ,46,240000,31,53,2023-08-25,名古屋,アルバイト,退職,マネージャー,重複かも
E0479,佐藤 莉子,人事,55,320000,24,46,2021-09-01,名古屋,契約,退職,主任,
E0480,加藤 莉子,ＤＥＶ,50,320000,30,73,2022/06/20,大阪,contract,,リーダー,要確認
 emp-0461 ,伊藤 翔,サポート,44,280000,39,72,2022年2月20日,大阪,contract,active,担当,住所確認
E0462,田中 葵,dev,33,420000,35,95,2025-04-28, tokyo ,契約,retired,アシスタント,メール不達
E0463,田中 莉子,sales,40歳,"¥360,000",9,49,2021-04-09,remote,契約,leave,主任,メール不達
E0464,山本 凛,開発,41,360000,17,67点,2020-11-26,東京,contract,退職,リーダー,重複かも
E0465,高橋 莉子,ＤＥＶ,38,280000,37,73,2022/01/21,東京,contract,leave,主任,
E0466,高橋 大翔,人事,22,420000,17,82,2021-09-26,名古屋,Full-time,退職,マネージャー,メール不達
E0467,田中 悠真,sales,48,620000,29,49,2024-07-18,Nagoya,contract,休職,アシスタント,要確認
E0468,伊藤 悠真,Support,99歳,320000,10,69,2022-11-08,リモート,契約,休職,主任,メール不達
E0469,田中 葵,Support,20,240000,12,87,2025-02-16,remote,fulltime,retired,マネージャー,メール不達
E0470,中村 大翔,Support,21歳,360000,4,75,2023/09/17,大阪,contract,active,マネージャー,要確認
E0471,中村 凛,開発,48,500000,27,57,2024-07-13,リモート,正社員,ACTIVE,主任,要確認
e0472,鈴木 陽菜,sales,21,240000,35,100,2024-04-16,東京,fulltime,,担当,要確認
E0473, 渡辺莉子 ,ＤＥＶ,59,420000,39,72,2025-06-27,名古屋,正社員,退職,主任,メール不達
E0474,山本 凛,dev,35,420000,40,89,2020年7月10日,大阪,アルバイト,active,担当,住所確認
E0475,中村 悠真,sales,37,420000,0,87点,2022/10/05,東京,契約,retired,担当,重複かも
E0476,小林 湊,dev,28,"240,000円",37,50,2021-11-20,東京,アルバイト,,アシスタント,重複かも
E0477,伊藤 結衣,サポート,24歳,420000,26,120点,2023-04-02,名古屋,正社員,ACTIVE,アシスタント,
E0478,佐藤 美月, Sales ,35,500000,16,86,2024-05-26, tokyo ,契約,active,主任,重複かも
E0479,加藤 陽菜,サポート,30,360000,18,52,2023-07-09,remote,part-time,退職,主任,
E0480,山本 大翔,開発,53,240000,36,82,2024/07/28,大阪,contract,在籍,担当,要確認
